{"cameraMode":{"drawMode":0,"name":"Shaded","section":"Shading Mode"},"sceneLighting":true,"audioPlay":false,"sceneViewState":{"m_AlwaysRefresh":false,"showFog":true,"showSkybox":true,"showFlares":true,"showImageEffects":true,"showParticleSystems":true,"showVisualEffectGraphs":true,"m_FxEnabled":true},"in2DMode":false,"pivot":{"x":-5.876564025878906,"y":0.13253545761108399,"z":-3.2236335277557375},"rotation":{"x":-0.052857592701911929,"y":0.6699869632720947,"z":-0.04792417958378792,"w":-0.7389390468597412},"size":11.317133903503418,"orthographic":false}